FECHA,TC_INTERBANCARIO_COMPRA,TC_INTERBANCARIO_VENTA,TC_SBS_COMPRA,TC_SBS_VENTA,AÃ‘O
2020-01-02,3.301,3.30314285714286,3.301,3.305,2020
2020-01-03,3.31057142857143,3.312,3.308,3.311,2020
2020-01-06,3.322,3.324,3.32,3.323,2020
2020-01-07,3.32557142857143,3.32657142857143,3.325,3.327,2020
2020-01-08,3.31757142857143,3.31914285714286,3.318,3.32,2020
2020-01-09,3.31842857142857,3.31985714285714,3.319,3.321,2020
2020-01-10,3.32257142857143,3.32457142857143,3.321,3.324,2020
2020-01-13,3.33614285714286,3.33785714285714,3.334,3.336,2020
2020-01-14,3.32657142857143,3.328,3.328,3.33,2020
2020-01-15,3.32285714285714,3.32471428571429,3.322,3.327,2020
2020-01-16,3.32228571428571,3.324,3.321,3.326,2020
2020-01-17,3.31971428571429,3.32271428571429,3.319,3.324,2020
2020-01-20,3.31957142857143,3.32171428571429,3.318,3.323,2020
2020-01-21,3.31728571428571,3.31857142857143,3.317,3.32,2020
2020-01-22,3.31357142857143,3.31485714285714,3.314,3.317,2020
2020-01-23,3.31985714285714,3.32114285714286,3.32,3.322,2020
2020-01-24,3.32128571428571,3.32257142857143,3.32,3.325,2020
2020-01-27,3.33614285714286,3.33771428571429,3.336,3.339,2020
2020-01-28,3.33314285714286,3.33442857142857,3.332,3.335,2020
2020-01-29,3.34528571428571,3.34671428571429,3.343,3.345,2020
2020-01-30,3.361,3.363,3.359,3.36,2020
2020-01-31,3.375,3.37742857142857,3.373,3.376,2020
2020-02-03,3.373,3.37457142857143,3.372,3.374,2020
2020-02-04,3.35942857142857,3.36085714285714,3.36,3.364,2020
2020-02-05,3.35871428571429,3.36028571428572,3.359,3.36,2020
2020-02-06,3.37228571428571,3.37414285714286,3.369,3.371,2020
2020-02-07,3.38685714285714,3.38828571428571,3.385,3.388,2020
2020-02-10,3.39571428571429,3.39714285714286,3.392,3.394,2020
2020-02-11,3.38728571428571,3.389,3.387,3.39,2020
2020-02-12,3.37985714285714,3.38185714285714,3.381,3.383,2020
2020-02-13,3.38342857142857,3.38457142857143,3.383,3.385,2020
2020-02-14,3.38014285714286,3.38242857142857,3.38,3.384,2020
2020-02-17,3.38142857142857,3.38271428571429,3.38,3.384,2020
2020-02-18,3.384,3.38528571428571,3.383,3.386,2020
2020-02-19,3.38242857142857,3.38385714285714,3.382,3.384,2020
2020-02-20,3.39042857142857,3.39157142857143,3.389,3.392,2020
2020-02-21,3.391,3.39271428571429,3.391,3.394,2020
2020-02-24,3.40314285714286,3.40457142857143,3.401,3.404,2020
2020-02-25,3.40542857142857,3.40671428571429,3.402,3.405,2020
2020-02-26,3.41128571428571,3.41271428571429,3.409,3.412,2020
2020-02-27,3.42928571428571,3.43114285714286,3.426,3.43,2020
2020-02-28,3.45271428571429,3.456,3.448,3.451,2020
2020-03-02,3.44285714285714,3.445,3.441,3.445,2020
2020-03-03,3.42857142857143,3.43,3.425,3.428,2020
2020-03-04,3.421,3.42257142857143,3.42,3.425,2020
2020-03-05,3.44414285714286,3.44671428571429,3.438,3.44,2020
2020-03-06,3.47385714285714,3.47685714285714,3.47,3.473,2020
2020-03-09,3.50328571428571,3.50571428571429,3.499,3.502,2020
2020-03-10,3.49628571428571,3.498,3.494,3.498,2020
2020-03-11,3.50971428571429,3.51128571428571,3.507,3.51,2020
2020-03-12,3.54485714285714,3.54771428571429,3.543,3.545,2020
2020-03-13,3.52614285714286,3.52957142857143,3.526,3.53,2020
2020-03-16,3.55314285714286,3.55642857142857,3.544,3.55,2020
2020-03-17,3.54857142857143,3.55142857142857,3.549,3.554,2020
2020-03-18,3.57066666666667,3.57316666666667,3.565,3.568,2020
2020-03-19,3.56033333333333,3.5635,3.563,3.565,2020
2020-03-20,3.52266666666667,3.52883333333333,3.52,3.525,2020
2020-03-23,3.53266666666667,3.53966666666667,3.53,3.536,2020
2020-03-24,3.51816666666667,3.52166666666667,3.517,3.523,2020
2020-03-25,3.48883333333333,3.49383333333333,3.496,3.503,2020
2020-03-26,3.41566666666667,3.42616666666667,3.429,3.439,2020
2020-03-27,3.41733333333333,3.4255,3.417,3.423,2020
2020-03-30,3.4355,3.44133333333333,3.431,3.439,2020
2020-03-31,3.43466666666667,3.44016666666667,3.433,3.442,2020
2020-04-01,3.46066666666667,3.46733333333333,3.455,3.462,2020
2020-04-02,3.44866666666667,3.45566666666667,3.453,3.458,2020
2020-04-03,3.45533333333333,3.4585,3.453,3.457,2020
2020-04-06,3.40383333333333,3.41283333333333,3.406,3.412,2020
2020-04-07,3.366,3.37283333333333,3.367,3.373,2020
2020-04-08,3.3515,3.35733333333333,3.354,3.356,2020
2020-04-09,n.d.,n.d.,n.d.,n.d.,2020
2020-04-10,n.d.,n.d.,n.d.,n.d.,2020
2020-04-13,3.378,3.38183333333333,3.374,3.379,2020
2020-04-14,3.39,3.39533333333333,3.388,3.393,2020
2020-04-15,3.41566666666667,3.41933333333333,3.417,3.421,2020
2020-04-16,3.40983333333333,3.413,3.407,3.411,2020
2020-04-17,3.40283333333333,3.4065,3.403,3.407,2020
2020-04-20,3.4075,3.40983333333333,3.405,3.41,2020
2020-04-21,3.38816666666667,3.396,3.397,3.4,2020
2020-04-22,3.3725,3.376,3.37,3.376,2020
2020-04-23,3.364,3.36966666666667,3.358,3.364,2020
2020-04-24,3.37983333333333,3.38633333333333,3.371,3.381,2020
2020-04-27,3.39683333333333,3.4015,3.391,3.4,2020
2020-04-28,3.383,3.38633333333333,3.382,3.387,2020
2020-04-29,3.36933333333333,3.37166666666667,3.369,3.373,2020
2020-04-30,3.37766666666667,3.38116666666667,3.376,3.383,2020
2020-05-01,n.d.,n.d.,n.d.,n.d.,2020
2020-05-04,3.38733333333333,3.39,3.383,3.39,2020
2020-05-05,3.38916666666667,3.39216666666667,3.388,3.394,2020
2020-05-06,3.4065,3.40916666666667,3.403,3.407,2020
2020-05-07,3.40433333333333,3.40616666666667,3.404,3.41,2020
2020-05-08,3.39633333333333,3.39816666666667,3.394,3.399,2020
2020-05-11,3.418,3.42133333333333,3.418,3.421,2020
2020-05-12,3.42316666666667,3.4265,3.421,3.425,2020
2020-05-13,3.43733333333333,3.43983333333333,3.434,3.437,2020
2020-05-14,3.45233333333333,3.45466666666667,3.45,3.455,2020
2020-05-15,3.44183333333333,3.44416666666667,3.444,3.448,2020
2020-05-18,3.41916666666667,3.42133333333333,3.419,3.424,2020
2020-05-19,3.42783333333333,3.43016666666667,3.425,3.43,2020
2020-05-20,3.40333333333333,3.40533333333333,3.404,3.41,2020
2020-05-21,3.40416666666667,3.406,3.402,3.406,2020
2020-05-22,3.42483333333333,3.42883333333333,3.424,3.429,2020
2020-05-25,3.4245,3.4275,3.425,3.429,2020
2020-05-26,3.4225,3.42633333333333,3.421,3.426,2020
2020-05-27,3.45133333333333,3.453,3.448,3.453,2020
2020-05-28,3.43916666666667,3.4415,3.439,3.444,2020
2020-05-29,3.42933333333333,3.43233333333333,3.429,3.434,2020
2020-06-01,3.4165,3.4195,3.41,3.422,2020
2020-06-02,3.39983333333333,3.40133333333333,3.402,3.404,2020
2020-06-03,3.38983333333333,3.392,3.389,3.391,2020
2020-06-04,3.42566666666667,3.428,3.421,3.422,2020
2020-06-05,3.42866666666667,3.43116666666667,3.426,3.43,2020
2020-06-08,3.43866666666667,3.44166666666667,3.438,3.441,2020
2020-06-09,3.4465,3.44816666666667,3.447,3.448,2020
2020-06-10,3.43266666666667,3.43516666666667,3.435,3.437,2020
2020-06-11,3.45533333333333,3.45766666666667,3.45,3.452,2020
2020-06-12,3.46216666666667,3.46366666666667,3.46,3.464,2020
2020-06-15,3.48433333333333,3.486,3.48,3.485,2020
2020-06-16,3.4735,3.47633333333333,3.473,3.477,2020
2020-06-17,3.49216666666667,3.49583333333333,3.491,3.493,2020
2020-06-18,3.51366666666667,3.51733333333333,3.506,3.511,2020
2020-06-19,3.507,3.51133333333333,3.51,3.513,2020
2020-06-22,3.49433333333333,3.4965,3.493,3.496,2020
2020-06-23,3.51616666666667,3.51966666666667,3.513,3.518,2020
2020-06-24,3.52383333333333,3.5265,3.524,3.529,2020
2020-06-25,3.507,3.50883333333333,3.509,3.513,2020
2020-06-26,3.52,3.52366666666667,3.516,3.522,2020
2020-06-29,n.d.,n.d.,n.d.,n.d.,2020
2020-06-30,3.53983333333333,3.54383333333333,3.534,3.541,2020
2020-07-01,3.53333333333333,3.53583333333333,3.533,3.537,2020
2020-07-02,3.51733333333333,3.51933333333333,3.515,3.519,2020
2020-07-03,3.52883333333333,3.53266666666667,3.525,3.528,2020
2020-07-06,3.54566666666667,3.54783333333333,3.546,3.549,2020
2020-07-07,3.54333333333333,3.546,3.542,3.547,2020
2020-07-08,3.53116666666667,3.53333333333333,3.534,3.537,2020
2020-07-09,3.512,3.5185,3.517,3.524,2020
2020-07-10,3.50366666666667,3.50666666666667,3.502,3.508,2020
2020-07-13,3.49666666666667,3.5,3.495,3.5,2020
2020-07-14,3.50033333333333,3.50266666666667,3.499,3.504,2020
2020-07-15,3.49516666666667,3.49916666666667,3.495,3.502,2020
2020-07-16,3.49583333333333,3.50133333333333,3.495,3.499,2020
2020-07-17,3.512,3.51533333333333,3.504,3.511,2020
2020-07-20,3.51283333333333,3.51566666666667,3.509,3.518,2020
2020-07-21,3.49116666666667,3.49383333333333,3.491,3.497,2020
2020-07-22,3.503,3.50483333333333,3.502,3.505,2020
2020-07-23,3.51733333333333,3.5205,3.514,3.518,2020
2020-07-24,3.533,3.53533333333333,3.529,3.536,2020
2020-07-27,3.52133333333333,3.52666666666667,3.524,3.529,2020
2020-07-28,n.d.,n.d.,n.d.,n.d.,2020
2020-07-29,3.50583333333333,3.50966666666667,3.508,3.515,2020
2020-07-30,3.5065,3.51066666666667,3.506,3.51,2020
2020-07-31,3.52566666666667,3.53,3.522,3.529,2020
2020-08-03,3.539,3.5445,3.538,3.543,2020
2020-08-04,3.54883333333333,3.55166666666667,3.546,3.55,2020
2020-08-05,3.54616666666667,3.54816666666667,3.545,3.55,2020
2020-08-06,3.5455,3.5475,3.545,3.548,2020
2020-08-07,3.5495,3.55183333333333,3.547,3.551,2020
2020-08-10,3.55766666666667,3.56066666666667,3.556,3.561,2020
2020-08-11,3.561,3.56266666666667,3.56,3.563,2020
2020-08-12,3.567,3.56833333333333,3.565,3.568,2020
2020-08-13,3.571,3.57283333333333,3.57,3.573,2020
2020-08-14,3.573,3.576,3.573,3.576,2020
2020-08-17,3.57683333333333,3.58,3.575,3.579,2020
2020-08-18,3.5715,3.5735,3.572,3.576,2020
2020-08-19,3.55933333333333,3.56266666666667,3.56,3.564,2020
2020-08-20,3.5745,3.577,3.573,3.576,2020
2020-08-21,3.5825,3.58483333333333,3.579,3.584,2020
2020-08-24,3.58,3.58366666666667,3.579,3.583,2020
2020-08-25,3.588,3.592,3.588,3.593,2020
2020-08-26,3.58033333333333,3.58366666666667,3.582,3.586,2020
2020-08-27,3.5655,3.56816666666667,3.568,3.573,2020
2020-08-28,3.538,3.5395,3.538,3.54,2020
2020-08-31,3.54283333333333,3.54583333333333,3.542,3.547,2020
2020-09-01,3.524,3.52633333333333,3.527,3.531,2020
2020-09-02,3.5315,3.53333333333333,3.529,3.533,2020
2020-09-03,3.54066666666667,3.5425,3.538,3.542,2020
2020-09-04,3.54583333333333,3.54883333333333,3.549,3.554,2020
2020-09-07,3.53483333333333,3.53816666666667,3.533,3.54,2020
2020-09-08,3.54366666666667,3.54566666666667,3.542,3.545,2020
2020-09-09,3.533,3.5355,3.534,3.537,2020
2020-09-10,3.54,3.54216666666667,3.539,3.543,2020
2020-09-11,3.568,3.5725,3.56,3.57,2020
2020-09-14,3.567,3.56933333333333,3.565,3.569,2020
2020-09-15,3.54733333333333,3.5495,3.548,3.553,2020
2020-09-16,3.53633333333333,3.53933333333333,3.537,3.543,2020
2020-09-17,3.53116666666667,3.53433333333333,3.533,3.538,2020
2020-09-18,3.52333333333333,3.52583333333333,3.523,3.527,2020
2020-09-21,3.5455,3.54816666666667,3.543,3.546,2020
2020-09-22,3.55183333333333,3.55466666666667,3.552,3.555,2020
2020-09-23,3.57016666666667,3.57133333333333,3.566,3.568,2020
2020-09-24,3.58033333333333,3.58333333333333,3.577,3.58,2020
2020-09-25,3.593,3.59483333333333,3.59,3.592,2020
2020-09-28,3.58816666666667,3.59116666666667,3.589,3.593,2020
2020-09-29,3.5935,3.59566666666667,3.592,3.597,2020
2020-09-30,3.59733333333333,3.60016666666667,3.595,3.599,2020
2020-10-01,3.60183333333333,3.60466666666667,3.602,3.607,2020
2020-10-02,3.618,3.62,3.616,3.62,2020
2020-10-05,3.60316666666667,3.60766666666667,3.61,3.612,2020
2020-10-06,3.58183333333333,3.58416666666667,3.581,3.586,2020
2020-10-07,3.5755,3.57833333333333,3.577,3.581,2020
2020-10-08,3.57783333333333,3.57966666666667,3.577,3.58,2020
2020-10-09,3.57066666666667,3.57266666666667,3.57,3.572,2020
2020-10-12,3.5875,3.59,3.584,3.587,2020
2020-10-13,3.59383333333333,3.59533333333333,3.592,3.596,2020
2020-10-14,3.588,3.592,3.586,3.59,2020
2020-10-15,3.5845,3.58683333333333,3.584,3.59,2020
2020-10-16,3.577,3.58033333333333,3.575,3.581,2020
2020-10-19,3.58666666666667,3.5895,3.586,3.59,2020
2020-10-20,3.5865,3.5895,3.584,3.59,2020
2020-10-21,3.59766666666667,3.59933333333333,3.595,3.599,2020
2020-10-22,3.60166666666667,3.60333333333333,3.601,3.606,2020
2020-10-23,3.60233333333333,3.60383333333333,3.601,3.606,2020
2020-10-26,3.60266666666667,3.60433333333333,3.601,3.606,2020
2020-10-27,3.607,3.6085,3.604,3.609,2020
2020-10-28,3.61166666666667,3.61366666666667,3.61,3.615,2020
2020-10-29,3.61066666666667,3.6125,3.61,3.613,2020
2020-10-30,3.61266666666667,3.614,3.61,3.615,2020
2020-11-02,3.61416666666667,3.61566666666667,3.6,3.617,2020
2020-11-03,3.60216666666667,3.60516666666667,3.602,3.608,2020
2020-11-04,3.59633333333333,3.59883333333333,3.596,3.6,2020
2020-11-05,3.59133333333333,3.59333333333333,3.589,3.594,2020
2020-11-06,3.597,3.59916666666667,3.596,3.601,2020
2020-11-09,3.58233333333333,3.58533333333333,3.584,3.59,2020
2020-11-10,3.62266666666667,3.6275,3.619,3.624,2020
2020-11-11,3.62033333333333,3.62366666666667,3.62,3.626,2020
2020-11-12,3.634,3.63766666666667,3.63,3.636,2020
2020-11-13,3.643,3.6475,3.64,3.646,2020
2020-11-16,3.66016666666667,3.66666666666667,3.654,3.662,2020
2020-11-17,3.6185,3.62583333333333,3.627,3.632,2020
2020-11-18,3.57266666666667,3.57783333333333,3.577,3.582,2020
2020-11-19,3.57183333333333,3.57616666666667,3.571,3.577,2020
2020-11-20,3.58533333333333,3.58733333333333,3.582,3.587,2020
2020-11-23,3.59883333333333,3.6005,3.596,3.6,2020
2020-11-24,3.60533333333333,3.60783333333333,3.604,3.609,2020
2020-11-25,3.6065,3.60883333333333,3.606,3.611,2020
2020-11-26,3.6025,3.6065,3.6,3.608,2020
2020-11-27,3.60333333333333,3.6055,3.601,3.609,2020
2020-11-30,3.60483333333333,3.60783333333333,3.603,3.61,2020
2020-12-01,3.60333333333333,3.60566666666667,3.602,3.606,2020
2020-12-02,3.60433333333333,3.60633333333333,3.602,3.607,2020
2020-12-03,3.594,3.597,3.595,3.599,2020
2020-12-04,3.58883333333333,3.59116666666667,3.588,3.596,2020
2020-12-07,3.599,3.60183333333333,3.596,3.603,2020
2020-12-08,n.d.,n.d.,n.d.,n.d.,2020
2020-12-09,3.6,3.6035,3.598,3.606,2020
2020-12-10,3.59733333333333,3.60016666666667,3.598,3.603,2020
2020-12-11,3.59616666666667,3.59833333333333,3.593,3.602,2020
2020-12-14,3.58616666666667,3.58833333333333,3.582,3.591,2020
2020-12-15,3.5895,3.59133333333333,3.588,3.592,2020
2020-12-16,3.58566666666667,3.58733333333333,3.584,3.59,2020
2020-12-17,3.58316666666667,3.58583333333333,3.581,3.587,2020
2020-12-18,3.59466666666667,3.597,3.593,3.597,2020
2020-12-21,3.60483333333333,3.60783333333333,3.603,3.608,2020
2020-12-22,3.61333333333333,3.6155,3.613,3.617,2020
2020-12-23,3.61083333333333,3.6125,3.608,3.616,2020
2020-12-24,3.6113,3.6127,3.607,3.615,2020
2020-12-25,n.d.,n.d.,n.d.,n.d.,2020
2020-12-28,3.61283333333333,3.61616666666667,3.612,3.617,2020
2020-12-29,3.6175,3.6195,3.616,3.62,2020
2020-12-30,3.61816666666667,3.61983333333333,3.616,3.621,2020
2020-12-31,3.62025,3.623,3.618,3.624,2020
2021-01-01,n.d.,n.d.,n.d.,n.d.,2021
2021-01-04,3.624,3.62666666666667,3.624,3.628,2021
2021-01-05,3.6275,3.63366666666667,3.627,3.631,2021
2021-01-06,3.62483333333333,3.62683333333333,3.625,3.63,2021
2021-01-07,3.62066666666667,3.623,3.62,3.623,2021
2021-01-08,3.611,3.61383333333333,3.61,3.615,2021
2021-01-11,3.61516666666667,3.61733333333333,3.615,3.618,2021
2021-01-12,3.60633333333333,3.609,3.606,3.608,2021
2021-01-13,3.6125,3.614,3.61,3.615,2021
2021-01-14,3.61066666666667,3.6135,3.61,3.613,2021
2021-01-15,3.61116666666667,3.61266666666667,3.61,3.614,2021
2021-01-18,3.611,3.617,3.609,3.617,2021
2021-01-19,3.61216666666667,3.61333333333333,3.611,3.615,2021
2021-01-20,3.61316666666667,3.61533333333333,3.612,3.615,2021
2021-01-21,3.61916666666667,3.622,3.618,3.622,2021
2021-01-22,3.63283333333333,3.63416666666667,3.629,3.634,2021
2021-01-25,3.642,3.644,3.641,3.645,2021
2021-01-26,3.6435,3.64516666666667,3.643,3.647,2021
2021-01-27,3.6495,3.653,3.651,3.653,2021
2021-01-28,3.64433333333333,3.64666666666667,3.644,3.647,2021
2021-01-29,3.63716666666667,3.63933333333333,3.636,3.642,2021
2021-02-01,3.63733333333333,3.6395,3.636,3.641,2021
2021-02-02,3.63683333333333,3.63883333333333,3.637,3.641,2021
2021-02-03,3.63616666666667,3.6385,3.635,3.64,2021
2021-02-04,3.6435,3.64566666666667,3.642,3.647,2021
2021-02-05,3.6365,3.63933333333333,3.636,3.64,2021
2021-02-08,3.6415,3.643,3.639,3.644,2021
2021-02-09,3.641,3.64266666666667,3.641,3.645,2021
2021-02-10,3.63666666666667,3.63816666666667,3.635,3.64,2021
2021-02-11,3.63783333333333,3.63883333333333,3.636,3.64,2021
2021-02-12,3.64383333333333,3.6455,3.642,3.646,2021
2021-02-15,3.64366666666667,3.645,3.639,3.647,2021
2021-02-16,3.64966666666667,3.651,3.649,3.652,2021
2021-02-17,3.65166666666667,3.655,3.651,3.655,2021
2021-02-18,3.64916666666667,3.65066666666667,3.648,3.652,2021
2021-02-19,3.65216666666667,3.65366666666667,3.65,3.655,2021
2021-02-22,3.65366666666667,3.6555,3.652,3.657,2021
2021-02-23,3.65183333333333,3.65366666666667,3.651,3.656,2021
2021-02-24,3.64883333333333,3.6505,3.649,3.653,2021
2021-02-25,3.64716666666667,3.64883333333333,3.645,3.649,2021
2021-02-26,3.64916666666667,3.65083333333333,3.647,3.651,2021
2021-03-01,3.653,3.6545,3.651,3.656,2021
2021-03-02,3.66283333333333,3.66516666666667,3.661,3.665,2021
2021-03-03,3.67416666666667,3.67633333333333,3.672,3.675,2021
2021-03-04,3.67466666666667,3.6775,3.672,3.676,2021
2021-03-05,3.69283333333333,3.6955,3.688,3.693,2021
2021-03-08,3.70133333333333,3.70466666666667,3.699,3.704,2021
2021-03-09,3.70283333333333,3.704,3.701,3.705,2021
2021-03-10,3.69266666666667,3.69416666666667,3.693,3.696,2021
2021-03-11,3.69116666666667,3.693,3.69,3.695,2021
2021-03-12,3.7035,3.70566666666667,3.698,3.705,2021
2021-03-15,3.71583333333333,3.718,3.715,3.719,2021
2021-03-16,3.7035,3.70566666666667,3.703,3.708,2021
2021-03-17,3.70666666666667,3.709,3.704,3.709,2021
2021-03-18,3.70566666666667,3.7075,3.702,3.707,2021
2021-03-19,3.7135,3.71533333333333,3.71,3.715,2021
2021-03-22,3.721,3.72266666666667,3.719,3.723,2021
2021-03-23,3.71616666666667,3.71983333333333,3.716,3.719,2021
2021-03-24,3.72233333333333,3.72433333333333,3.721,3.724,2021
2021-03-25,3.73216666666667,3.73366666666667,3.729,3.734,2021
2021-03-26,3.735,3.73633333333333,3.734,3.739,2021
2021-03-29,3.74766666666667,3.75116666666667,3.745,3.75,2021
2021-03-30,3.7635,3.76616666666667,3.76,3.763,2021
2021-03-31,3.7535,3.7555,3.754,3.758,2021
2021-04-01,n.d.,n.d.,n.d.,n.d.,2021
2021-04-02,n.d.,n.d.,n.d.,n.d.,2021
2021-04-05,3.711,3.71416666666667,3.714,3.721,2021
2021-04-06,3.6445,3.6485,3.652,3.661,2021
2021-04-07,3.61,3.61383333333333,3.612,3.625,2021
2021-04-08,3.593,3.59666666666667,3.593,3.599,2021
2021-04-09,3.61966666666667,3.62783333333333,3.614,3.624,2021
2021-04-12,3.6395,3.64466666666667,3.646,3.654,2021
2021-04-13,3.62066666666667,3.627,3.62,3.626,2021
2021-04-14,3.62683333333333,3.63083333333333,3.626,3.631,2021
2021-04-15,3.62083333333333,3.62266666666667,3.62,3.623,2021
2021-04-16,3.63033333333333,3.633,3.624,3.633,2021
2021-04-19,3.67133333333333,3.681,3.668,3.677,2021
2021-04-20,3.68216666666667,3.6875,3.68,3.686,2021
2021-04-21,3.70233333333333,3.70666666666667,3.697,3.705,2021
2021-04-22,3.7585,3.7625,3.753,3.763,2021
2021-04-23,3.77316666666667,3.77833333333333,3.769,3.776,2021
2021-04-26,3.8265,3.831,3.823,3.831,2021
2021-04-27,3.83633333333333,3.84233333333333,3.834,3.841,2021
2021-04-28,3.79133333333333,3.79666666666667,3.8,3.81,2021
2021-04-29,3.78016666666667,3.78766666666667,3.778,3.794,2021
2021-04-30,3.78483333333333,3.79016666666667,3.783,3.792,2021
2021-05-03,3.80983333333333,3.81383333333333,3.807,3.813,2021
2021-05-04,3.828,3.83533333333333,3.827,3.832,2021
2021-05-05,3.82166666666667,3.828,3.824,3.829,2021
2021-05-06,3.81616666666667,3.81933333333333,3.815,3.821,2021
2021-05-07,3.798,3.80133333333333,3.796,3.8,2021
2021-05-10,3.74833333333333,3.762,3.773,3.776,2021
2021-05-11,3.68883333333333,3.70283333333333,3.696,3.709,2021
2021-05-12,3.7235,3.732,3.726,3.725,2021
2021-05-13,3.67216666666667,3.68033333333333,3.676,3.686,2021
2021-05-14,3.66966666666667,3.67866666666667,3.672,3.678,2021
2021-05-17,3.70516666666667,3.717,3.702,3.704,2021
2021-05-18,3.72833333333333,3.73466666666667,3.723,3.728,2021
2021-05-19,3.7435,3.75016666666667,3.74,3.747,2021
2021-05-20,3.72783333333333,3.736,3.736,3.741,2021
2021-05-21,3.74316666666667,3.75,3.741,3.745,2021
2021-05-24,3.79466666666667,3.80133333333333,3.79,3.796,2021
2021-05-25,3.82366666666667,3.83266666666667,3.829,3.832,2021
2021-05-26,3.8405,3.84766666666667,3.839,3.842,2021
2021-05-27,3.85916666666667,3.86933333333333,3.863,3.865,2021
2021-05-28,3.79366666666667,3.801,3.802,3.808,2021
2021-05-31,3.81733333333333,3.8265,3.808,3.827,2021
2021-06-01,3.84166666666667,3.845,3.838,3.845,2021
2021-06-02,3.844,3.85833333333333,3.855,3.862,2021
2021-06-03,3.85,3.86066666666667,3.85,3.855,2021
2021-06-04,3.823,3.83566666666667,3.816,3.827,2021
2021-06-07,3.90266666666667,3.94,3.883,3.912,2021
2021-06-08,3.92483333333333,3.94633333333333,3.934,3.954,2021
2021-06-09,3.8795,3.89083333333333,3.879,3.894,2021
2021-06-10,3.87883333333333,3.887,3.882,3.891,2021
2021-06-11,3.89283333333333,3.89883333333333,3.895,3.904,2021
2021-06-14,3.88483333333333,3.90033333333333,3.897,3.909,2021
2021-06-15,3.89283333333333,3.90466666666667,3.913,3.922,2021
2021-06-16,3.896,3.90533333333333,3.894,3.907,2021
2021-06-17,3.91016666666667,3.9185,3.906,3.917,2021
2021-06-18,3.938,3.94433333333333,3.935,3.94,2021
2021-06-21,3.94716666666667,3.96,3.951,3.965,2021
2021-06-22,3.97166666666667,3.97583333333333,3.968,3.975,2021
2021-06-23,3.97616666666667,3.97833333333333,3.974,3.981,2021
2021-06-24,3.98016666666667,3.983,3.981,3.988,2021
2021-06-25,3.97483333333333,3.9785,3.977,3.985,2021
2021-06-28,3.905,3.91266666666667,3.925,3.932,2021
2021-06-29,n.d.,n.d.,n.d.,n.d.,2021
2021-06-30,3.85633333333333,3.86333333333333,3.849,3.866,2021
2021-07-01,3.85633333333333,3.86316666666667,3.856,3.866,2021
2021-07-02,3.8835,3.88783333333333,3.875,3.887,2021
2021-07-05,3.902,3.92016666666667,3.898,3.919,2021
2021-07-06,3.94683333333333,3.95233333333333,3.943,3.951,2021
2021-07-07,3.95583333333333,3.96033333333333,3.951,3.959,2021
2021-07-08,3.96083333333333,3.96616666666667,3.965,3.971,2021
2021-07-09,3.9555,3.96,3.955,3.966,2021
2021-07-12,3.95583333333333,3.96066666666667,3.951,3.96,2021
2021-07-13,3.96766666666667,3.9715,3.965,3.973,2021
2021-07-14,3.96216666666667,3.96483333333333,3.958,3.967,2021
2021-07-15,3.95466666666667,3.95716666666667,3.954,3.961,2021
2021-07-16,3.904,3.90883333333333,3.902,3.913,2021
2021-07-19,3.93466666666667,3.94083333333333,3.931,3.939,2021
2021-07-20,3.95016666666667,3.9545,3.948,3.956,2021
2021-07-21,3.94766666666667,3.95,3.948,3.954,2021
2021-07-22,3.93583333333333,3.94116666666667,3.936,3.944,2021
2021-07-23,3.9215,3.92433333333333,3.918,3.929,2021
2021-07-26,3.907,3.90983333333333,3.908,3.915,2021
2021-07-27,3.91866666666667,3.92233333333333,3.914,3.924,2021
2021-07-28,n.d.,n.d.,n.d.,n.d.,2021
2021-07-29,n.d.,n.d.,n.d.,n.d.,2021
2021-07-30,4.0485,4.05383333333333,4.036,4.044,2021
2021-08-02,4.055,4.059,4.05,4.061,2021
2021-08-03,4.06016666666667,4.06783333333333,4.07,4.081,2021
2021-08-04,4.07133333333333,4.07633333333333,4.072,4.084,2021
2021-08-05,4.06916666666667,4.07266666666667,4.064,4.074,2021
2021-08-06,4.08783333333333,4.09133333333333,4.085,4.09,2021
2021-08-09,4.105,4.10733333333333,4.102,4.106,2021
2021-08-10,4.061,4.06483333333333,4.06,4.069,2021
2021-08-11,4.08783333333333,4.08966666666667,4.081,4.088,2021
2021-08-12,4.09266666666667,4.09716666666667,4.096,4.1,2021
2021-08-13,4.07633333333333,4.07966666666667,4.071,4.081,2021
2021-08-16,4.0745,4.0775,4.069,4.079,2021
2021-08-17,4.08516666666667,4.08716666666667,4.084,4.089,2021
2021-08-18,4.09233333333333,4.095,4.088,4.095,2021
2021-08-19,4.1095,4.11166666666667,4.103,4.111,2021
2021-08-20,4.11016666666667,4.11316666666667,4.107,4.115,2021
2021-08-23,4.10383333333333,4.10866666666667,4.104,4.111,2021
2021-08-24,4.08983333333333,4.0925,4.089,4.095,2021
2021-08-25,4.095,4.09716666666667,4.092,4.099,2021
2021-08-26,4.08566666666667,4.09,4.091,4.098,2021
2021-08-27,4.07,4.07433333333333,4.071,4.078,2021
2021-08-30,n.d.,n.d.,n.d.,n.d.,2021
2021-08-31,4.08383333333333,4.086,4.081,4.086,2021
2021-09-01,4.07816666666667,4.08116666666667,4.076,4.087,2021
2021-09-02,4.09683333333333,4.1,4.091,4.099,2021
2021-09-03,4.09066666666667,4.09416666666667,4.089,4.097,2021
2021-09-06,4.10066666666667,4.103,4.092,4.105,2021
2021-09-07,4.09883333333333,4.10133333333333,4.1,4.105,2021
2021-09-08,4.08983333333333,4.092,4.087,4.092,2021
2021-09-09,4.09883333333333,4.1,4.094,4.101,2021
2021-09-10,4.09766666666667,4.1,4.093,4.102,2021
2021-09-13,4.10333333333333,4.105,4.1,4.108,2021
2021-09-14,4.1025,4.10433333333333,4.1,4.105,2021
2021-09-15,4.10516666666667,4.10733333333333,4.105,4.109,2021
2021-09-16,4.11,4.1125,4.11,4.114,2021
2021-09-17,4.1075,4.109,4.107,4.113,2021
2021-09-20,4.11683333333333,4.119,4.116,4.12,2021
2021-09-21,4.11083333333333,4.11266666666667,4.11,4.117,2021
2021-09-22,4.10866666666667,4.11033333333333,4.108,4.113,2021
2021-09-23,4.1105,4.11233333333333,4.109,4.114,2021
2021-09-24,4.108,4.10933333333333,4.106,4.111,2021
2021-09-27,4.123,4.12483333333333,4.121,4.127,2021
2021-09-28,4.12433333333333,4.1265,4.124,4.129,2021
2021-09-29,4.12716666666667,4.12816666666667,4.125,4.13,2021
2021-09-30,4.13483333333333,4.1375,4.132,4.136,2021
2021-10-01,4.1245,4.12866666666667,4.127,4.134,2021
2021-10-04,4.1285,4.13016666666667,4.127,4.136,2021
2021-10-05,4.13016666666667,4.133,4.128,4.133,2021
2021-10-06,4.13366666666667,4.13533333333333,4.131,4.135,2021
2021-10-07,4.0845,4.08816666666667,4.098,4.109,2021
2021-10-08,n.d.,n.d.,n.d.,n.d.,2021
2021-10-11,4.06566666666667,4.07166666666667,4.072,4.08,2021
2021-10-12,4.05766666666667,4.0615,4.062,4.067,2021
2021-10-13,3.989,3.99316666666667,3.997,4.002,2021
2021-10-14,3.93116666666667,3.93583333333333,3.936,3.95,2021
2021-10-15,3.923,3.92883333333333,3.926,3.938,2021
2021-10-18,3.94766666666667,3.94966666666667,3.943,3.951,2021
2021-10-19,3.944,3.9465,3.941,3.949,2021
2021-10-20,3.94083333333333,3.9435,3.938,3.947,2021
2021-10-21,3.94983333333333,3.95166666666667,3.948,3.953,2021
2021-10-22,3.96233333333333,3.96416666666667,3.956,3.964,2021
2021-10-25,3.96916666666667,3.971,3.967,3.973,2021
2021-10-26,3.98983333333333,3.9935,3.987,3.992,2021
2021-10-27,3.98416666666667,3.98666666666667,3.983,3.989,2021
2021-10-28,3.97633333333333,3.97833333333333,3.975,3.98,2021
2021-10-29,3.99066666666667,3.99233333333333,3.986,3.992,2021
2021-11-01,n.d.,n.d.,n.d.,n.d.,2021
2021-11-02,4.00616666666667,4.00866666666667,4.007,4.012,2021
2021-11-03,4.01066666666667,4.0125,4.008,4.014,2021
2021-11-04,4.00783333333333,4.01066666666667,4.007,4.013,2021
2021-11-05,4.01316666666667,4.01483333333333,4.01,4.017,2021
2021-11-08,4.0115,4.0135,4.008,4.016,2021
2021-11-09,4.01366666666667,4.01566666666667,4.013,4.018,2021
2021-11-10,4.023,4.0245,4.021,4.025,2021
2021-11-11,4.01966666666667,4.02216666666667,4.016,4.025,2021
2021-11-12,4.02033333333333,4.0225,4.02,4.026,2021
2021-11-15,3.9985,4.0045,4.002,4.013,2021
2021-11-16,3.9975,3.99933333333333,3.996,4.004,2021
2021-11-17,4.00116666666667,4.004,4.001,4.007,2021
2021-11-18,4.018,4.01966666666667,4.014,4.02,2021
2021-11-19,4.01683333333333,4.02016666666667,4.015,4.026,2021
2021-11-22,4.01616666666667,4.01933333333333,4.015,4.023,2021
2021-11-23,4.00483333333333,4.00833333333333,4.003,4.011,2021
2021-11-24,4.0195,4.022,4.018,4.023,2021
2021-11-25,4.02616666666667,4.02916666666667,4.02,4.031,2021
2021-11-26,4.03766666666667,4.03966666666667,4.034,4.041,2021
2021-11-29,4.0505,4.05416666666667,4.048,4.059,2021
2021-11-30,4.05966666666667,4.06566666666667,4.057,4.066,2021
2021-12-01,4.0645,4.06866666666667,4.061,4.071,2021
2021-12-02,4.0695,4.072,4.068,4.075,2021
2021-12-03,4.07216666666667,4.0755,4.071,4.078,2021
2021-12-06,4.08166666666667,4.084,4.078,4.085,2021
2021-12-07,4.07516666666667,4.07783333333333,4.07,4.08,2021
2021-12-08,n.d.,n.d.,n.d.,n.d.,2021
2021-12-09,4.07816666666667,4.08166666666667,4.077,4.085,2021
2021-12-10,4.06516666666667,4.06816666666667,4.065,4.076,2021
2021-12-13,4.055,4.0605,4.056,4.067,2021
2021-12-14,4.05116666666667,4.05583333333333,4.049,4.06,2021
2021-12-15,4.0525,4.056,4.049,4.058,2021
2021-12-16,4.0365,4.04016666666667,4.034,4.04,2021
2021-12-17,4.033,4.03733333333333,4.032,4.043,2021
2021-12-20,4.0435,4.047,4.039,4.049,2021
2021-12-21,4.05116666666667,4.05416666666667,4.05,4.055,2021
2021-12-22,4.04216666666667,4.046,4.043,4.05,2021
2021-12-23,4.01,4.01716666666667,4.011,4.027,2021
2021-12-24,3.99683333333333,4.0075,3.995,4.018,2021
2021-12-27,3.97966666666667,3.98783333333333,3.978,3.991,2021
2021-12-28,3.94816666666667,3.95266666666667,3.951,3.958,2021
2021-12-29,3.96633333333333,3.97066666666667,3.965,3.976,2021
2021-12-30,3.98516666666667,3.98666666666667,3.979,3.991,2021
2021-12-31,3.9678,3.9814,3.975,3.998,2021
2022-01-03,3.98366666666667,3.98883333333333,3.987,3.995,2022
2022-01-04,3.9595,3.964,3.963,3.968,2022
2022-01-05,3.952,3.95633333333333,3.953,3.965,2022
2022-01-06,3.96716666666667,3.96966666666667,3.967,3.973,2022
2022-01-07,3.94516666666667,3.94816666666667,3.948,3.955,2022
2022-01-10,3.92766666666667,3.93016666666667,3.925,3.933,2022
2022-01-11,3.91633333333333,3.91933333333333,3.919,3.925,2022
2022-01-12,3.89233333333333,3.896,3.897,3.901,2022
2022-01-13,3.89483333333333,3.89783333333333,3.895,3.9,2022
2022-01-14,3.87033333333333,3.87583333333333,3.879,3.887,2022
2022-01-17,3.84766666666667,3.85733333333333,3.846,3.869,2022
2022-01-18,3.85283333333333,3.85583333333333,3.848,3.856,2022
2022-01-19,3.8625,3.86533333333333,3.859,3.866,2022
2022-01-20,3.84466666666667,3.84766666666667,3.851,3.859,2022
2022-01-21,3.8215,3.82766666666667,3.82,3.834,2022
2022-01-24,3.839,3.84183333333333,3.835,3.842,2022
2022-01-25,3.8475,3.84966666666667,3.843,3.852,2022
2022-01-26,3.84033333333333,3.84333333333333,3.84,3.849,2022
2022-01-27,3.83616666666667,3.839,3.833,3.839,2022
2022-01-28,3.844,3.8475,3.839,3.849,2022
2022-01-31,3.84033333333333,3.84316666666667,3.84,3.846,2022
2022-02-01,3.87133333333333,3.87766666666667,3.866,3.878,2022
2022-02-02,3.852,3.857,3.852,3.86,2022
2022-02-03,3.8585,3.86083333333333,3.858,3.863,2022
2022-02-04,3.863,3.86783333333333,3.867,3.873,2022
2022-02-07,3.8385,3.84583333333333,3.839,3.848,2022
2022-02-08,3.83783333333333,3.84216666666667,3.837,3.845,2022
2022-02-09,3.81716666666667,3.82466666666667,3.821,3.834,2022
2022-02-10,3.74833333333333,3.76166666666667,3.756,3.767,2022
2022-02-11,3.74983333333333,3.7585,3.749,3.758,2022
2022-02-14,3.78416666666667,3.7905,3.782,3.789,2022
2022-02-15,3.79766666666667,3.8005,3.797,3.806,2022
2022-02-16,3.7615,3.76816666666667,3.769,3.785,2022
2022-02-17,3.73383333333333,3.73933333333333,3.747,3.75,2022
2022-02-18,3.71466666666667,3.7215,3.712,3.726,2022
2022-02-21,3.74383333333333,3.75133333333333,3.738,3.752,2022
2022-02-22,3.73166666666667,3.74016666666667,3.737,3.745,2022
2022-02-23,3.7105,3.7205,3.709,3.715,2022
2022-02-24,3.79066666666667,3.79566666666667,3.786,3.788,2022
2022-02-25,3.7485,3.7535,3.753,3.763,2022
2022-02-28,3.7565,3.76166666666667,3.753,3.759,2022
2022-03-01,3.79116666666667,3.79466666666667,3.782,3.791,2022
2022-03-02,3.75733333333333,3.76633333333333,3.763,3.77,2022
2022-03-03,3.72483333333333,3.73166666666667,3.725,3.735,2022
2022-03-04,3.75116666666667,3.75966666666667,3.746,3.76,2022
2022-03-07,3.73816666666667,3.7455,3.742,3.751,2022
2022-03-08,3.72816666666667,3.73466666666667,3.729,3.736,2022
2022-03-09,3.71216666666667,3.7175,3.714,3.718,2022
2022-03-10,3.716,3.72083333333333,3.714,3.721,2022
2022-03-11,3.68883333333333,3.694,3.688,3.698,2022
2022-03-14,3.70933333333333,3.71533333333333,3.708,3.715,2022
2022-03-15,3.73466666666667,3.739,3.726,3.735,2022
2022-03-16,3.7215,3.72533333333333,3.723,3.729,2022
2022-03-17,3.73216666666667,3.73566666666667,3.73,3.736,2022
2022-03-18,3.77083333333333,3.7745,3.761,3.776,2022
2022-03-21,3.7845,3.789,3.782,3.79,2022
2022-03-22,3.77216666666667,3.77583333333333,3.769,3.776,2022
2022-03-23,3.76866666666667,3.77133333333333,3.766,3.773,2022
2022-03-24,3.743,3.7485,3.743,3.756,2022
2022-03-25,3.72466666666667,3.7305,3.725,3.731,2022
2022-03-28,3.728,3.7325,3.726,3.737,2022
2022-03-29,3.71666666666667,3.72066666666667,3.717,3.724,2022
2022-03-30,3.72133333333333,3.7235,3.723,3.728,2022
2022-03-31,3.68833333333333,3.693,3.695,3.701,2022
2022-04-01,3.6435,3.65133333333333,3.641,3.663,2022
2022-04-04,3.62583333333333,3.6305,3.627,3.634,2022
2022-04-05,3.68983333333333,3.69833333333333,3.686,3.69,2022
2022-04-06,3.71466666666667,3.71933333333333,3.71,3.72,2022
2022-04-07,3.71,3.71266666666667,3.707,3.714,2022
2022-04-08,3.70966666666667,3.71516666666667,3.709,3.715,2022
2022-04-11,3.71083333333333,3.7145,3.709,3.721,2022
2022-04-12,3.70516666666667,3.7095,3.698,3.706,2022
2022-04-13,3.734,3.73883333333333,3.728,3.736,2022
2022-04-14,n.d.,n.d.,n.d.,n.d.,2022
2022-04-15,n.d.,n.d.,n.d.,n.d.,2022
2022-04-18,3.73283333333333,3.736,3.73,3.742,2022
2022-04-19,3.723,3.72883333333333,3.725,3.736,2022
2022-04-20,3.70366666666667,3.70766666666667,3.702,3.709,2022
2022-04-21,3.72633333333333,3.72983333333333,3.723,3.734,2022
2022-04-22,3.76166666666667,3.76533333333333,3.758,3.766,2022
2022-04-25,3.8075,3.8115,3.807,3.815,2022
2022-04-26,3.81383333333333,3.81816666666667,3.811,3.818,2022
2022-04-27,3.8285,3.83166666666667,3.824,3.83,2022
2022-04-28,3.8485,3.85166666666667,3.846,3.852,2022
2022-04-29,3.82983333333333,3.8345,3.83,3.838,2022
2022-05-02,3.84016666666667,3.8435,3.838,3.848,2022
2022-05-03,3.818,3.82116666666667,3.824,3.826,2022
2022-05-04,3.7915,3.79783333333333,3.797,3.805,2022
2022-05-05,3.7785,3.785,3.786,3.79,2022
2022-05-06,3.80733333333333,3.8125,3.803,3.811,2022
2022-05-09,3.824,3.82883333333333,3.814,3.814,2022
2022-05-10,3.80216666666667,3.80733333333333,3.81,3.816,2022
2022-05-11,3.77883333333333,3.78416666666667,3.78,3.788,2022
2022-05-12,3.791,3.7965,3.795,3.801,2022
2022-05-13,3.774,3.78183333333333,3.772,3.786,2022
2022-05-16,3.77633333333333,3.78233333333333,3.777,3.787,2022
2022-05-17,3.75416666666667,3.7595,3.755,3.762,2022
2022-05-18,3.76816666666667,3.771,3.766,3.772,2022
2022-05-19,3.7445,3.749,3.745,3.754,2022
2022-05-20,3.72466666666667,3.72883333333333,3.728,3.738,2022
2022-05-23,3.71266666666667,3.71716666666667,3.711,3.72,2022
2022-05-24,3.707,3.711,3.713,3.719,2022
2022-05-25,3.68716666666667,3.691,3.685,3.694,2022
2022-05-26,3.65266666666667,3.66016666666667,3.657,3.663,2022
2022-05-27,3.66716666666667,3.6735,3.663,3.669,2022
2022-05-30,3.671,3.68166666666667,3.665,3.683,2022
2022-05-31,3.698,3.70283333333333,3.695,3.707,2022
2022-06-01,3.71966666666667,3.7235,3.718,3.726,2022
2022-06-02,3.70433333333333,3.70883333333333,3.707,3.714,2022
2022-06-03,3.704,3.70716666666667,3.702,3.712,2022
2022-06-06,3.725,3.72833333333333,3.724,3.731,2022
2022-06-07,3.74983333333333,3.7545,3.747,3.755,2022
2022-06-08,3.7535,3.75716666666667,3.751,3.758,2022
2022-06-09,3.753,3.75633333333333,3.749,3.756,2022
2022-06-10,3.76983333333333,3.77683333333333,3.765,3.778,2022
2022-06-13,3.76983333333333,3.7745,3.779,3.783,2022
2022-06-14,3.7465,3.75266666666667,3.751,3.759,2022
2022-06-15,3.722,3.728,3.719,3.731,2022
2022-06-16,3.71683333333333,3.72183333333333,3.718,3.727,2022
2022-06-17,3.71566666666667,3.72,3.715,3.728,2022
2022-06-20,3.71783333333333,3.7235,3.714,3.729,2022
2022-06-21,3.7185,3.72133333333333,3.717,3.724,2022
2022-06-22,3.728,3.731,3.724,3.731,2022
2022-06-23,3.74933333333333,3.7455,3.747,3.753,2022
2022-06-24,3.78083333333333,3.785,3.774,3.782,2022
2022-06-27,3.78033333333333,3.78516666666667,3.783,3.791,2022
2022-06-28,3.78333333333333,3.78583333333333,3.77,3.788,2022
2022-06-29,n.d.,n.d.,n.d.,n.d.,2022
2022-06-30,3.8185,3.82466666666667,3.82,3.83,2022
2022-07-01,3.84733333333333,3.852,3.843,3.854,2022
2022-07-04,3.82366666666667,3.83216666666667,3.827,3.839,2022
2022-07-05,3.85683333333333,3.86,3.856,3.862,2022
2022-07-06,3.88116666666667,3.8855,3.878,3.888,2022
2022-07-07,3.886,3.88883333333333,3.881,3.888,2022
2022-07-08,3.89966666666667,3.90266666666667,3.897,3.905,2022
2022-07-11,3.93933333333333,3.95183333333333,3.928,3.939,2022
2022-07-12,3.96983333333333,3.976,3.965,3.972,2022
2022-07-13,3.94683333333333,3.95733333333333,3.959,3.968,2022
2022-07-14,3.94133333333333,3.94833333333333,3.951,3.958,2022
2022-07-15,3.88683333333333,3.89516666666667,3.884,3.906,2022
2022-07-18,3.88166666666667,3.888,3.884,3.892,2022
2022-07-19,3.86616666666667,3.87416666666667,3.866,3.878,2022
2022-07-20,3.87933333333333,3.88316666666667,3.878,3.888,2022
2022-07-21,3.90733333333333,3.91116666666667,3.905,3.914,2022
2022-07-22,3.91316666666667,3.91666666666667,3.91,3.918,2022
2022-07-25,3.90866666666667,3.91366666666667,3.91,3.919,2022
2022-07-26,3.91683333333333,3.92033333333333,3.911,3.921,2022
2022-07-27,3.91633333333333,3.92016666666667,3.916,3.925,2022
2022-07-28,n.d.,n.d.,n.d.,n.d.,2022
2022-07-29,n.d.,n.d.,n.d.,n.d.,2022
2022-08-01,3.882,3.88983333333333,3.885,3.897,2022
2022-08-02,3.9165,3.92083333333333,3.914,3.919,2022
2022-08-03,3.91383333333333,3.91683333333333,3.914,3.92,2022
2022-08-04,3.8845,3.89133333333333,3.885,3.897,2022
2022-08-05,3.902,3.90716666666667,3.896,3.905,2022
2022-08-08,3.9095,3.913,3.911,3.916,2022
2022-08-09,3.92666666666667,3.93016666666667,3.927,3.932,2022
2022-08-10,3.89166666666667,3.89733333333333,3.893,3.899,2022
2022-08-11,3.88083333333333,3.88416666666667,3.882,3.888,2022
2022-08-12,3.85566666666667,3.86116666666667,3.859,3.865,2022
2022-08-15,3.84583333333333,3.8525,3.849,3.856,2022
2022-08-16,3.855,3.85866666666667,3.858,3.86,2022
2022-08-17,3.839,3.843,3.838,3.847,2022
2022-08-18,3.83883333333333,3.84383333333333,3.838,3.847,2022
2022-08-19,3.85616666666667,3.85866666666667,3.85,3.857,2022
2022-08-22,3.87616666666667,3.8795,3.869,3.88,2022
2022-08-23,3.85983333333333,3.8625,3.856,3.864,2022
2022-08-24,3.86466666666667,3.86683333333333,3.861,3.867,2022
2022-08-25,3.84933333333333,3.85433333333333,3.849,3.861,2022
2022-08-26,3.837,3.84133333333333,3.836,3.847,2022
2022-08-29,3.833,3.83516666666667,3.829,3.838,2022
2022-08-30,n.d.,n.d.,n.d.,n.d.,2022
2022-08-31,3.84133333333333,3.845,3.839,3.847,2022
2022-09-01,3.86216666666667,3.86533333333333,3.859,3.865,2022
2022-09-02,3.8685,3.87216666666667,3.866,3.876,2022
2022-09-05,3.87766666666667,3.883,3.873,3.885,2022
2022-09-06,3.8955,3.89883333333333,3.892,3.897,2022
2022-09-07,3.89,3.89316666666667,3.891,3.896,2022
2022-09-08,3.874,3.87833333333333,3.872,3.881,2022
2022-09-09,3.8765,3.88066666666667,3.876,3.883,2022
2022-09-12,3.85166666666667,3.85566666666667,3.852,3.859,2022
2022-09-13,3.86266666666667,3.86716666666667,3.858,3.862,2022
2022-09-14,3.87533333333333,3.87866666666667,3.87,3.875,2022
2022-09-15,3.88633333333333,3.88933333333333,3.883,3.892,2022
2022-09-16,3.87833333333333,3.88116666666667,3.875,3.883,2022
2022-09-19,3.86416666666667,3.86966666666667,3.862,3.871,2022
2022-09-20,3.88483333333333,3.8875,3.877,3.883,2022
2022-09-21,3.896,3.9005,3.894,3.903,2022
2022-09-22,3.89983333333333,3.905,3.903,3.913,2022
2022-09-23,3.90716666666667,3.9115,3.906,3.911,2022
2022-09-26,3.93516666666667,3.93916666666667,3.928,3.938,2022
2022-09-27,3.94616666666667,3.94983333333333,3.943,3.949,2022
2022-09-28,3.9465,3.94983333333333,3.947,3.952,2022
2022-09-29,3.97066666666667,3.973,3.965,3.971,2022
2022-09-30,3.9805,3.98333333333333,3.978,3.984,2022
2022-10-03,3.96266666666667,3.9675,3.963,3.969,2022
2022-10-04,3.94866666666667,3.95216666666667,3.948,3.955,2022
2022-10-05,3.96283333333333,3.9665,3.96,3.966,2022
2022-10-06,3.9785,3.98166666666667,3.977,3.983,2022
2022-10-07,3.97283333333333,3.9765,3.972,3.98,2022
2022-10-10,3.9555,3.96,3.959,3.967,2022
2022-10-11,3.9685,3.97133333333333,3.968,3.972,2022
2022-10-12,3.981,3.98316666666667,3.981,3.984,2022
2022-10-13,3.98266666666667,3.98466666666667,3.982,3.987,2022
2022-10-14,3.98766666666667,3.99033333333333,3.984,3.992,2022
2022-10-17,3.97633333333333,3.98033333333333,3.977,3.985,2022
2022-10-18,3.97416666666667,3.97666666666667,3.973,3.979,2022
2022-10-19,3.984,3.98583333333333,3.981,3.985,2022
2022-10-20,3.97783333333333,3.98016666666667,3.973,3.978,2022
2022-10-21,3.9825,3.98483333333333,3.979,3.984,2022
2022-10-24,3.99933333333333,4.0015,3.994,4.003,2022
2022-10-25,3.99466666666667,3.99716666666667,3.992,4.002,2022
2022-10-26,3.98833333333333,3.99033333333333,3.988,3.996,2022
2022-10-27,3.977,3.98016666666667,3.976,3.987,2022
2022-10-28,3.97183333333333,3.97533333333333,3.97,3.978,2022
2022-10-31,3.98833333333333,3.9905,3.984,3.993,2022
2022-11-01,n.d.,n.d.,n.d.,n.d.,2022
2022-11-02,3.96,3.96775,3.968,3.976,2022
2022-11-03,3.97,3.9725,3.965,3.973,2022
2022-11-04,3.9555,3.95766666666667,3.953,3.962,2022
2022-11-07,3.9485,3.95133333333333,3.949,3.957,2022
2022-11-08,3.9245,3.92733333333333,3.924,3.936,2022
2022-11-09,3.91033333333333,3.914,3.911,3.918,2022
2022-11-10,3.86233333333333,3.86666666666667,3.866,3.87,2022
2022-11-11,3.85533333333333,3.85866666666667,3.854,3.86,2022
2022-11-14,3.85366666666667,3.85716666666667,3.856,3.86,2022
2022-11-15,3.82683333333333,3.83016666666667,3.833,3.838,2022
2022-11-16,3.83566666666667,3.838,3.837,3.842,2022
2022-11-17,3.8385,3.8415,3.84,3.845,2022
2022-11-18,3.82533333333333,3.82983333333333,3.827,3.841,2022
2022-11-21,3.83516666666667,3.83916666666667,3.831,3.838,2022
2022-11-22,3.84716666666667,3.84983333333333,3.842,3.846,2022
2022-11-23,3.84866666666667,3.8515,3.848,3.852,2022
2022-11-24,3.8425,3.848,3.839,3.85,2022
2022-11-25,3.86166666666667,3.86566666666667,3.865,3.873,2022
2022-11-28,3.84966666666667,3.8565,3.851,3.861,2022
2022-11-29,3.84183333333333,3.846,3.84,3.847,2022
2022-11-30,3.85183333333333,3.855,3.849,3.854,2022
2022-12-01,3.82633333333333,3.83,3.827,3.836,2022
2022-12-02,3.83233333333333,3.83566666666667,3.826,3.835,2022
2022-12-05,3.84516666666667,3.849,3.844,3.848,2022
2022-12-06,3.841,3.84566666666667,3.843,3.851,2022
2022-12-07,3.8365,3.84633333333333,3.83,3.851,2022
2022-12-08,n.d.,n.d.,n.d.,n.d.,2022
2022-12-09,n.d.,n.d.,n.d.,n.d.,2022
2022-12-12,3.83083333333333,3.83783333333333,3.828,3.84,2022
2022-12-13,3.82683333333333,3.8305,3.826,3.835,2022
2022-12-14,3.83266666666667,3.83633333333333,3.831,3.841,2022
2022-12-15,3.84533333333333,3.84783333333333,3.841,3.849,2022
2022-12-16,3.84466666666667,3.848,3.842,3.853,2022
2022-12-19,3.83233333333333,3.83583333333333,3.828,3.842,2022
2022-12-20,3.82866666666667,3.834,3.826,3.839,2022
2022-12-21,3.814,3.818,3.815,3.825,2022
2022-12-22,3.812,3.81466666666667,3.807,3.819,2022
2022-12-23,3.814,3.818,3.809,3.827,2022
2022-12-26,3.81683333333333,3.82066666666667,3.814,3.823,2022
2022-12-27,3.81766666666667,3.82,3.815,3.822,2022
2022-12-28,3.80883333333333,3.81133333333333,3.807,3.817,2022
2022-12-29,3.81,3.81216666666667,3.809,3.818,2022
2022-12-30,3.809,3.81166666666667,3.808,3.82,2022
2023-01-02,n.d.,n.d.,n.d.,n.d.,2023
2023-01-03,3.81366666666667,3.81733333333333,3.812,3.823,2023
2023-01-04,3.82383333333333,3.82566666666667,3.822,3.827,2023
2023-01-05,3.82433333333333,3.82683333333333,3.824,3.83,2023
2023-01-06,3.798,3.8025,3.8,3.806,2023
2023-01-09,3.79183333333333,3.79533333333333,3.792,3.803,2023
2023-01-10,3.80083333333333,3.8035,3.802,3.806,2023
2023-01-11,3.776,3.78033333333333,3.782,3.783,2023
2023-01-12,3.78066666666667,3.78366666666667,3.779,3.784,2023
2023-01-13,3.808,3.81083333333333,3.802,3.806,2023
2023-01-16,3.8245,3.827,3.815,3.822,2023
2023-01-17,3.83866666666667,3.842,3.837,3.842,2023
2023-01-18,3.83316666666667,3.83583333333333,3.829,3.836,2023
2023-01-19,3.859,3.8625,3.857,3.861,2023
2023-01-20,3.854,3.85683333333333,3.852,3.859,2023
2023-01-23,3.87066666666667,3.87516666666667,3.866,3.873,2023
2023-01-24,3.885,3.89016666666667,3.88,3.885,2023
2023-01-25,3.8945,3.899,3.892,3.9,2023
2023-01-26,3.85616666666667,3.86166666666667,3.861,3.867,2023
2023-01-27,3.8255,3.82933333333333,3.824,3.829,2023
2023-01-30,3.85166666666667,3.857,3.853,3.859,2023
2023-01-31,3.845,3.84783333333333,3.844,3.851,2023
2023-02-01,3.84316666666667,3.846,3.843,3.848,2023
2023-02-02,3.82733333333333,3.83116666666667,3.83,3.835,2023
2023-02-03,3.84483333333333,3.84883333333333,3.843,3.847,2023
2023-02-06,3.847,3.85116666666667,3.849,3.855,2023
2023-02-07,3.843,3.846,3.843,3.848,2023
2023-02-08,3.85566666666667,3.85833333333333,3.852,3.856,2023
2023-02-09,3.86233333333333,3.86533333333333,3.863,3.869,2023
2023-02-10,3.85266666666667,3.85466666666667,3.853,3.858,2023
2023-02-13,3.8485,3.85216666666667,3.849,3.854,2023
2023-02-14,3.85883333333333,3.86066666666667,3.858,3.861,2023
2023-02-15,3.859,3.86316666666667,3.858,3.865,2023
2023-02-16,3.8605,3.86466666666667,3.862,3.868,2023
2023-02-17,3.84133333333333,3.84516666666667,3.839,3.849,2023
2023-02-20,3.8405,3.845,3.84,3.85,2023
2023-02-21,3.83166666666667,3.83483333333333,3.831,3.836,2023
2023-02-22,3.81683333333333,3.82166666666667,3.821,3.827,2023
2023-02-23,3.79966666666667,3.803,3.8,3.805,2023
2023-02-24,3.8175,3.82116666666667,3.81,3.82,2023
2023-02-27,3.80916666666667,3.81216666666667,3.811,3.816,2023
2023-02-28,3.80216666666667,3.80466666666667,3.803,3.81,2023
2023-03-01,3.77316666666667,3.776,3.779,3.784,2023
2023-03-02,3.78366666666667,3.78616666666667,3.779,3.784,2023
2023-03-03,3.782,3.78416666666667,3.782,3.789,2023
2023-03-06,3.7825,3.7855,3.784,3.788,2023
2023-03-07,3.78683333333333,3.78883333333333,3.784,3.789,2023
2023-03-08,3.789,3.79166666666667,3.784,3.788,2023
2023-03-09,3.78616666666667,3.78816666666667,3.788,3.792,2023
2023-03-10,3.78116666666667,3.78266666666667,3.781,3.786,2023
2023-03-13,3.8,3.80283333333333,3.798,3.803,2023
2023-03-14,3.78616666666667,3.78883333333333,3.785,3.789,2023
2023-03-15,3.8065,3.80916666666667,3.804,3.808,2023
2023-03-16,3.791,3.79416666666667,3.796,3.801,2023
2023-03-17,3.79216666666667,3.79516666666667,3.792,3.798,2023
2023-03-20,3.77633333333333,3.77933333333333,3.779,3.785,2023
2023-03-21,3.76783333333333,3.77033333333333,3.765,3.77,2023
2023-03-22,3.76983333333333,3.77233333333333,3.767,3.774,2023
2023-03-23,3.7652,3.767,3.762,3.767,2023
2023-03-24,3.7707,3.7732,3.764,3.773,2023
2023-03-27,3.766,3.7685,3.765,3.772,2023
2023-03-28,3.76416666666667,3.7655,3.763,3.768,2023
2023-03-29,3.75333333333333,3.75633333333333,3.755,3.759,2023
2023-03-30,3.75633333333333,3.75933333333333,3.755,3.761,2023
2023-03-31,3.76033333333333,3.76283333333333,3.758,3.765,2023
2023-04-03,3.76633333333333,3.768,3.764,3.77,2023
2023-04-04,3.77083333333333,3.77283333333333,3.769,3.773,2023
2023-04-05,3.76983333333333,3.772,3.769,3.774,2023
2023-04-06,n.d.,n.d.,n.d.,n.d.,2023
2023-04-07,n.d.,n.d.,n.d.,n.d.,2023
2023-04-10,3.77833333333333,3.781,3.773,3.781,2023
2023-04-11,3.78216666666667,3.7845,3.783,3.787,2023
2023-04-12,3.77416666666667,3.776,3.773,3.78,2023
2023-04-13,3.77333333333333,3.77566666666667,3.774,3.777,2023
2023-04-14,3.78016666666667,3.78183333333333,3.778,3.784,2023
2023-04-17,3.78183333333333,3.7835,3.779,3.785,2023
2023-04-18,3.77683333333333,3.77833333333333,3.774,3.781,2023
2023-04-19,3.77633333333333,3.7785,3.774,3.781,2023
2023-04-20,3.763,3.76483333333333,3.762,3.768,2023
2023-04-21,3.76133333333333,3.7635,3.762,3.768,2023
2023-04-24,3.7555,3.75816666666667,3.754,3.761,2023
2023-04-25,3.7545,3.756,3.752,3.762,2023
2023-04-26,3.74466666666667,3.74683333333333,3.742,3.75,2023
2023-04-27,3.7285,3.731,3.731,3.737,2023
2023-04-28,3.71083333333333,3.71433333333333,3.711,3.719,2023
2023-05-01,n.d.,n.d.,n.d.,n.d.,2023
2023-05-02,3.70716666666667,3.70983333333333,3.706,3.715,2023
2023-05-03,3.7055,3.70783333333333,3.704,3.709,2023
2023-05-04,3.7175,3.71933333333333,3.716,3.719,2023
2023-05-05,3.71066666666667,3.71316666666667,3.709,3.717,2023
2023-05-08,3.70433333333333,3.706,3.702,3.71,2023
2023-05-09,3.69583333333333,3.69783333333333,3.698,3.702,2023
2023-05-10,3.66933333333333,3.6735,3.67,3.678,2023
2023-05-11,3.6745,3.67833333333333,3.675,3.683,2023
2023-05-12,3.653,3.656,3.649,3.659,2023
2023-05-15,3.66083333333333,3.66333333333333,3.656,3.667,2023
2023-05-16,3.68283333333333,3.68533333333333,3.678,3.683,2023
2023-05-17,3.69266666666667,3.69566666666667,3.691,3.697,2023
2023-05-18,3.70066666666667,3.7025,3.698,3.702,2023
2023-05-19,3.6875,3.69066666666667,3.688,3.696,2023
2023-05-22,3.68933333333333,3.69216666666667,3.686,3.695,2023
2023-05-23,3.69183333333333,3.694,3.689,3.695,2023
2023-05-24,3.685,3.68766666666667,3.683,3.69,2023
2023-05-25,3.6915,3.695,3.692,3.698,2023
2023-05-26,3.66966666666667,3.6725,3.671,3.675,2023
2023-05-29,3.67016666666667,3.67433333333333,3.667,3.68,2023
2023-05-30,3.67233333333333,3.6745,3.671,3.677,2023
2023-05-31,3.6775,3.6795,3.675,3.682,2023
2023-06-01,3.68033333333333,3.68366666666667,3.676,3.684,2023
2023-06-02,3.6835,3.68666666666667,3.682,3.688,2023
2023-06-05,3.67616666666667,3.67866666666667,3.673,3.68,2023
2023-06-06,3.68833333333333,3.69033333333333,3.687,3.691,2023
2023-06-07,3.66816666666667,3.67033333333333,3.671,3.674,2023
2023-06-08,3.65416666666667,3.65733333333333,3.655,3.661,2023
2023-06-09,3.64283333333333,3.64583333333333,3.641,3.646,2023
2023-06-12,3.65183333333333,3.654,3.65,3.658,2023
2023-06-13,3.64333333333333,3.64616666666667,3.641,3.648,2023
2023-06-14,3.64716666666667,3.65,3.646,3.652,2023
2023-06-15,3.649,3.65116666666667,3.648,3.654,2023
2023-06-16,3.63166666666667,3.63566666666667,3.631,3.645,2023
2023-06-19,3.63216666666667,3.63583333333333,3.629,3.647,2023
2023-06-20,3.6435,3.64533333333333,3.641,3.648,2023
2023-06-21,3.64033333333333,3.6425,3.64,3.645,2023
2023-06-22,3.63466666666667,3.63733333333333,3.634,3.641,2023
2023-06-23,3.6315,3.63333333333333,3.628,3.638,2023
2023-06-26,3.63883333333333,3.64133333333333,3.635,3.642,2023
2023-06-27,3.63566666666667,3.63766666666667,3.633,3.64,2023
2023-06-28,3.63166666666667,3.633,3.628,3.636,2023
2023-06-29,n.d.,n.d.,n.d.,n.d.,2023
2023-06-30,3.62466666666667,3.62716666666667,3.624,3.633,2023
2023-07-03,3.62483333333333,3.627,3.621,3.63,2023
2023-07-04,3.62683333333333,3.62883333333333,3.624,3.634,2023
2023-07-05,3.62933333333333,3.632,3.627,3.633,2023
2023-07-06,3.64533333333333,3.647,3.641,3.648,2023
2023-07-07,3.63883333333333,3.64083333333333,3.637,3.643,2023
2023-07-10,3.63666666666667,3.63966666666667,3.636,3.643,2023
2023-07-11,3.63,3.63183333333333,3.632,3.638,2023
2023-07-12,3.58466666666667,3.58816666666667,3.588,3.599,2023
2023-07-13,3.566,3.572,3.565,3.573,2023
2023-07-14,3.56,3.56383333333333,3.558,3.567,2023
2023-07-17,3.55966666666667,3.56266666666667,3.555,3.57,2023
2023-07-18,3.55333333333333,3.5575,3.552,3.557,2023
2023-07-19,3.57633333333333,3.57983333333333,3.571,3.589,2023
2023-07-20,3.58483333333333,3.58783333333333,3.583,3.592,2023
2023-07-21,3.58483333333333,3.58716666666667,3.58,3.591,2023
2023-07-24,3.5865,3.58883333333333,3.581,3.588,2023
2023-07-25,3.6015,3.603,3.596,3.604,2023
2023-07-26,3.5965,3.59933333333333,3.595,3.602,2023
2023-07-27,3.59483333333333,3.59683333333333,3.591,3.602,2023
2023-07-28,n.d.,n.d.,n.d.,n.d.,2023
2023-07-31,3.60833333333333,3.61116666666667,3.602,3.614,2023
2023-08-01,3.635,3.63833333333333,3.624,3.634,2023
2023-08-02,3.66,3.66233333333333,3.655,3.661,2023
2023-08-03,3.696,3.698,3.69,3.696,2023
2023-08-04,3.68733333333333,3.69116666666667,3.687,3.692,2023
2023-08-07,3.68883333333333,3.69166666666667,3.686,3.694,2023
2023-08-08,3.707,3.709,3.704,3.71,2023
2023-08-09,3.692,3.69366666666667,3.691,3.699,2023
2023-08-10,3.67166666666667,3.67433333333333,3.672,3.678,2023
2023-08-11,3.68183333333333,3.6845,3.678,3.684,2023
2023-08-14,3.70166666666667,3.7045,3.695,3.703,2023
2023-08-15,3.71616666666667,3.71866666666667,3.713,3.719,2023
2023-08-16,3.71266666666667,3.71533333333333,3.71,3.717,2023
2023-08-17,3.7225,3.72466666666667,3.723,3.73,2023
2023-08-18,3.71,3.72,3.71,3.72,2023
2023-08-21,3.71683333333333,3.72,3.711,3.722,2023
2023-08-22,3.726,3.72783333333333,3.724,3.729,2023
2023-08-23,3.70866666666667,3.71083333333333,3.709,3.716,2023
2023-08-24,3.696,3.6987,3.695,3.701,2023
2023-08-25,3.69083333333333,3.693,3.69,3.699,2023
2023-08-28,3.69366666666667,3.696,3.691,3.699,2023
2023-08-29,3.69066666666667,3.69366666666667,3.689,3.696,2023
2023-08-30,n.d.,n.d.,n.d.,n.d.,2023
2023-08-31,3.6925,3.69466666666667,3.692,3.699,2023
2023-09-01,3.69,3.69166666666667,3.688,3.695,2023
2023-09-04,3.6885,3.69183333333333,3.68,3.698,2023
2023-09-05,3.70316666666667,3.70516666666667,3.703,3.709,2023
2023-09-06,3.70416666666667,3.70583333333333,3.703,3.708,2023
2023-09-07,3.70966666666667,3.71216666666667,3.708,3.713,2023
2023-09-08,3.71433333333333,3.716,3.712,3.716,2023
2023-09-11,3.698,3.70066666666667,3.696,3.704,2023
2023-09-12,3.7055,3.707,3.701,3.708,2023
2023-09-13,3.70216666666667,3.70366666666667,3.701,3.706,2023
2023-09-14,3.70883333333333,3.71083333333333,3.707,3.712,2023
2023-09-15,3.7205,3.72283333333333,3.716,3.722,2023
2023-09-18,3.70666666666667,3.70916666666667,3.704,3.714,2023
2023-09-19,3.71116666666667,3.71333333333333,3.711,3.717,2023
2023-09-20,3.71416666666667,3.71716666666667,3.712,3.718,2023
2023-09-21,3.74033333333333,3.74233333333333,3.738,3.744,2023
2023-09-22,3.74633333333333,3.74883333333333,3.744,3.748,2023
2023-09-25,3.77166666666667,3.77383333333333,3.765,3.773,2023
2023-09-26,3.7815,3.78483333333333,3.779,3.787,2023
2023-09-27,3.7965,3.80033333333333,3.793,3.799,2023
2023-09-28,3.80216666666667,3.80483333333333,3.801,3.806,2023
2023-09-29,3.791,3.79283333333333,3.79,3.797,2023
2023-10-02,3.79766666666667,3.80033333333333,3.793,3.807,2023
2023-10-03,3.81116666666667,3.81333333333333,3.806,3.812,2023
2023-10-04,3.812,3.8145,3.813,3.818,2023
2023-10-05,3.82016666666667,3.82283333333333,3.819,3.826,2023
2023-10-06,3.8265,3.82933333333333,3.823,3.828,2023
2023-10-09,3.83433333333333,3.8375,3.826,3.837,2023
2023-10-10,3.82316666666667,3.8255,3.82,3.828,2023
2023-10-11,3.82333333333333,3.825,3.822,3.826,2023
2023-10-12,3.8405,3.843,3.836,3.841,2023
2023-10-13,3.84783333333333,3.8505,3.842,3.85,2023
2023-10-16,3.8565,3.86,3.853,3.859,2023
2023-10-17,3.85633333333333,3.85983333333333,3.854,3.861,2023
2023-10-18,3.86566666666667,3.86833333333333,3.864,3.872,2023
2023-10-19,3.87066666666667,3.87216666666667,3.868,3.873,2023
2023-10-20,3.87183333333333,3.874,3.867,3.876,2023
2023-10-23,3.86716666666667,3.87216666666667,3.867,3.877,2023
2023-10-24,3.86366666666667,3.8655,3.862,3.87,2023
2023-10-25,3.87033333333333,3.87166666666667,3.866,3.871,2023
2023-10-26,3.86616666666667,3.869,3.865,3.872,2023
2023-10-27,3.8565,3.8585,3.856,3.863,2023
2023-10-30,3.84,3.84283333333333,3.84,3.851,2023
2023-10-31,3.83583333333333,3.83783333333333,3.832,3.842,2023
2023-11-01,n.d.,n.d.,n.d.,n.d.,2023
2023-11-02,3.792,3.79483333333333,3.797,3.807,2023
2023-11-03,3.73033333333333,3.735,3.749,3.759,2023
2023-11-06,3.75533333333333,3.75916666666667,3.754,3.765,2023
2023-11-07,3.77216666666667,3.77566666666667,3.769,3.775,2023
2023-11-08,3.79433333333333,3.79683333333333,3.793,3.797,2023
2023-11-09,3.79533333333333,3.7965,3.79,3.797,2023
2023-11-10,3.80883333333333,3.81166666666667,3.806,3.813,2023
2023-11-13,3.80933333333333,3.81216666666667,3.808,3.813,2023
2023-11-14,3.7675,3.76933333333333,3.765,3.777,2023
2023-11-15,3.77133333333333,3.77333333333333,3.769,3.775,2023
2023-11-16,3.76833333333333,3.77,3.767,3.772,2023
2023-11-17,3.76916666666667,3.77116666666667,3.768,3.775,2023
2023-11-20,3.7375,3.7395,3.74,3.749,2023
2023-11-21,3.73783333333333,3.7405,3.738,3.745,2023
2023-11-22,3.74,3.742,3.74,3.746,2023
2023-11-23,3.73266666666667,3.735,3.732,3.741,2023
2023-11-24,3.73116666666667,3.73316666666667,3.728,3.739,2023
2023-11-27,3.72016666666667,3.723,3.717,3.729,2023
2023-11-28,3.72783333333333,3.72933333333333,3.725,3.732,2023
2023-11-29,3.73183333333333,3.7335,3.729,3.737,2023
2023-11-30,3.73683333333333,3.73833333333333,3.733,3.739,2023
2023-12-01,3.73216666666667,3.7345,3.729,3.737,2023
2023-12-04,3.743,3.745,3.738,3.744,2023
2023-12-05,3.75516666666667,3.75733333333333,3.751,3.755,2023
2023-12-06,3.75316666666667,3.75516666666667,3.751,3.757,2023
2023-12-07,3.75266666666667,3.75483333333333,3.749,3.757,2023
2023-12-08,n.d.,n.d.,n.d.,n.d.,2023
2023-12-11,3.77066666666667,3.773,3.762,3.774,2023
2023-12-12,3.775,3.77633333333333,3.772,3.778,2023
2023-12-13,3.78516666666667,3.78666666666667,3.781,3.785,2023
2023-12-14,3.75733333333333,3.76333333333333,3.763,3.772,2023
2023-12-15,3.761,3.76383333333333,3.756,3.771,2023
2023-12-18,3.74466666666667,3.74833333333333,3.742,3.756,2023
2023-12-19,3.71083333333333,3.7135,3.712,3.719,2023
2023-12-20,3.70216666666667,3.706,3.702,3.712,2023
2023-12-21,3.7,3.70466666666667,3.702,3.709,2023
2023-12-22,3.68183333333333,3.68483333333333,3.682,3.69,2023
2023-12-25,n.d.,n.d.,n.d.,n.d.,2023
2023-12-26,3.68266666666667,3.68683333333333,3.677,3.696,2023
2023-12-27,3.68766666666667,3.69083333333333,3.687,3.694,2023
2023-12-28,3.70083333333333,3.7025,3.695,3.705,2023
2023-12-29,3.70566666666667,3.70983333333333,3.705,3.713,2023
2024-01-01,n.d.,n.d.,n.d.,n.d.,2024
2024-01-02,n.d.,n.d.,n.d.,n.d.,2024
2024-01-03,3.732,3.734,3.726,3.738,2024
2024-01-04,3.73383333333333,3.73683333333333,3.736,3.74,2024
2024-01-05,3.71516666666667,3.71883333333333,3.713,3.723,2024
2024-01-08,3.70783333333333,3.71216666666667,3.71,3.719,2024
2024-01-09,3.70416666666667,3.7065,3.703,3.708,2024
2024-01-10,3.69983333333333,3.7025,3.698,3.704,2024
2024-01-11,3.69816666666667,3.7005,3.697,3.703,2024
2024-01-12,3.69266666666667,3.6945,3.69,3.696,2024
2024-01-15,3.69483333333333,3.698,3.687,3.704,2024
2024-01-16,3.71566666666667,3.71783333333333,3.713,3.718,2024
2024-01-17,3.73866666666667,3.74016666666667,3.733,3.739,2024
2024-01-18,3.73983333333333,3.74133333333333,3.736,3.742,2024
2024-01-19,3.73933333333333,3.74183333333333,3.736,3.743,2024
2024-01-22,3.739,3.741,3.736,3.746,2024
2024-01-23,3.75466666666667,3.757,3.75,3.755,2024
2024-01-24,3.7585,3.76033333333333,3.755,3.76,2024
2024-01-25,3.761,3.76316666666667,3.757,3.765,2024
2024-01-26,3.78233333333333,3.786,3.777,3.786,2024
2024-01-29,3.80383333333333,3.807,3.797,3.807,2024
2024-01-30,3.80866666666667,3.81083333333333,3.806,3.813,2024
2024-01-31,3.80366666666667,3.80583333333333,3.799,3.808,2024
2024-02-01,3.80433333333333,3.80616666666667,3.802,3.808,2024
2024-02-02,3.831,3.833,3.821,3.829,2024
2024-02-05,3.8545,3.85683333333333,3.843,3.852,2024
2024-02-06,3.85533333333333,3.85716666666667,3.853,3.858,2024
2024-02-07,3.8635,3.86583333333333,3.865,3.868,2024
2024-02-08,3.85133333333333,3.85366666666667,3.85,3.854,2024
2024-02-09,3.864,3.86633333333333,3.86,3.868,2024
2024-02-12,3.86066666666667,3.86333333333333,3.861,3.869,2024
2024-02-13,3.88216666666667,3.884,3.877,3.883,2024
2024-02-14,3.87233333333333,3.874,3.87,3.877,2024
2024-02-15,3.85983333333333,3.86233333333333,3.864,3.87,2024
2024-02-16,3.82633333333333,3.82966666666667,3.826,3.844,2024
2024-02-19,3.79483333333333,3.79933333333333,3.795,3.807,2024
2024-02-20,3.78216666666667,3.784,3.777,3.784,2024
2024-02-21,3.79366666666667,3.79583333333333,3.789,3.797,2024
2024-02-22,3.79766666666667,3.8,3.803,3.807,2024
2024-02-23,3.79266666666667,3.7955,3.794,3.799,2024
2024-02-26,3.79516666666667,3.79816666666667,3.793,3.803,2024
2024-02-27,3.78683333333333,3.78883333333333,3.787,3.793,2024
2024-02-28,3.79266666666667,3.79416666666667,3.79,3.797,2024
2024-02-29,3.77833333333333,3.78116666666667,3.778,3.782,2024
2024-03-01,3.7685,3.77016666666667,3.768,3.773,2024
2024-03-04,3.76316666666667,3.766,3.762,3.771,2024
2024-03-05,3.7615,3.76383333333333,3.764,3.77,2024
2024-03-06,3.727,3.731,3.73,3.736,2024
2024-03-07,3.717,3.72033333333333,3.721,3.726,2024
2024-03-08,3.68633333333333,3.68966666666667,3.688,3.696,2024
2024-03-11,3.68566666666667,3.68783333333333,3.683,3.692,2024
2024-03-12,3.68916666666667,3.69183333333333,3.687,3.695,2024
2024-03-13,3.66466666666667,3.667,3.665,3.671,2024
2024-03-14,3.67566666666667,3.67833333333333,3.67,3.677,2024
2024-03-15,3.68716666666667,3.68916666666667,3.684,3.692,2024
2024-03-18,3.69666666666667,3.69883333333333,3.689,3.698,2024
2024-03-19,3.70183333333333,3.70433333333333,3.698,3.703,2024
2024-03-20,3.691,3.69516666666667,3.69,3.696,2024
2024-03-21,3.69166666666667,3.69466666666667,3.695,3.701,2024
2024-03-22,3.69116666666667,3.694,3.69,3.694,2024
2024-03-25,3.703,3.70533333333333,3.698,3.707,2024
2024-03-26,3.71983333333333,3.72383333333333,3.721,3.727,2024
2024-03-27,3.71583333333333,3.718,3.714,3.721,2024
2024-03-28,n.d.,n.d.,n.d.,n.d.,2024
2024-03-29,n.d.,n.d.,n.d.,n.d.,2024
2024-04-01,3.72666666666667,3.72966666666667,3.717,3.734,2024
2024-04-02,3.70716666666667,3.70966666666667,3.704,3.711,2024
2024-04-03,3.688,3.68966666666667,3.685,3.694,2024
2024-04-04,3.675,3.678,3.673,3.685,2024
2024-04-05,3.68283333333333,3.68666666666667,3.678,3.691,2024
2024-04-08,3.67316666666667,3.67683333333333,3.666,3.681,2024
2024-04-09,3.68966666666667,3.69216666666667,3.684,3.693,2024
2024-04-10,3.70716666666667,3.70983333333333,3.701,3.71,2024
2024-04-11,3.70266666666667,3.7055,3.702,3.711,2024
2024-04-12,3.70033333333333,3.70283333333333,3.698,3.707,2024
2024-04-15,3.72366666666667,3.72583333333333,3.711,3.725,2024
2024-04-16,3.75333333333333,3.75616666666667,3.747,3.755,2024
2024-04-17,3.74266666666667,3.7445,3.738,3.749,2024
2024-04-18,3.73483333333333,3.7375,3.735,3.744,2024
2024-04-19,3.69533333333333,3.69966666666667,3.693,3.702,2024
2024-04-22,3.69166666666667,3.6945,3.685,3.701,2024
2024-04-23,3.6995,3.70166666666667,3.694,3.701,2024
2024-04-24,3.72216666666667,3.72483333333333,3.714,3.724,2024
2024-04-25,3.74583333333333,3.74766666666667,3.735,3.745,2024
2024-04-26,3.749166667,3.752666667,3.745,3.756,2024
2024-04-29,3.726,3.72983333333333,3.726,3.734,2024
2024-04-30,3.75133333333333,3.754,3.743,3.752,2024
2024-05-01,n.d.,n.d.,n.d.,n.d.,2024
2024-05-02,3.744,3.74833333333333,3.747,3.757,2024
2024-05-03,3.715,3.71883333333333,3.718,3.726,2024
2024-05-06,3.7215,3.7255,3.716,3.73,2024
2024-05-07,3.724,3.72683333333333,3.72,3.728,2024
2024-05-08,3.72,3.72216666666667,3.719,3.724,2024
2024-05-09,3.70366666666667,3.70583333333333,3.71,3.713,2024
2024-05-10,3.702,3.70716666666667,3.701,3.708,2024
2024-05-13,3.718,3.72033333333333,3.713,3.723,2024
2024-05-14,3.7225,3.7245,3.719,3.728,2024
2024-05-15,3.71566666666667,3.71783333333333,3.712,3.718,2024
2024-05-16,3.72533333333333,3.72783333333333,3.721,3.728,2024
2024-05-17,3.73816666666667,3.74033333333333,3.735,3.742,2024
2024-05-20,3.73233333333333,3.73566666666667,3.727,3.736,2024
2024-05-21,3.73016666666667,3.73216666666667,3.726,3.733,2024
2024-05-22,3.73883333333333,3.7415,3.735,3.743,2024
2024-05-23,3.74066666666667,3.74233333333333,3.738,3.746,2024
2024-05-24,3.735,3.73766666666667,3.73,3.739,2024
2024-05-27,3.74033333333333,3.74283333333333,3.731,3.748,2024
2024-05-28,3.74533333333333,3.74716666666667,3.738,3.75,2024
2024-05-29,3.7575,3.75983333333333,3.752,3.762,2024
2024-05-30,3.7575,3.75983333333333,3.744,3.753,2024
2024-05-31,3.73233333333333,3.73533333333333,3.735,3.741,2024
2024-06-03,3.72883333333333,3.73083333333333,3.726,3.736,2024
2024-06-04,3.738,3.7405,3.73,3.74,2024
2024-06-05,3.74483333333333,3.74633333333333,3.741,3.747,2024
2024-06-06,3.75,3.753,3.747,3.756,2024
2024-06-07,n.d.,n.d.,n.d.,n.d.,2024
2024-06-10,3.778,3.78,3.765,3.781,2024
2024-06-11,3.78166666666667,3.78383333333333,3.779,3.787,2024
2024-06-12,3.76983333333333,3.77166666666667,3.766,3.772,2024
2024-06-13,3.771,3.77316666666667,3.77,3.777,2024
2024-06-14,3.77166666666667,3.774,3.764,3.776,2024
2024-06-17,3.789,3.7925,3.783,3.796,2024
2024-06-18,3.788,3.79016666666667,3.78,3.789,2024
2024-06-19,3.8155,3.81816666666667,3.81,3.818,2024
2024-06-20,3.8055,3.8095,3.802,3.814,2024
2024-06-21,3.80066666666667,3.80233333333333,3.795,3.806,2024
2024-06-24,3.79966666666667,3.8025,3.795,3.805,2024
2024-06-25,3.8115,3.81383333333333,3.807,3.817,2024
2024-06-26,3.82066666666667,3.82283333333333,3.811,3.822,2024
2024-06-27,3.8215,3.82383333333333,3.817,3.825,2024
2024-06-28,3.83333333333333,3.836,3.827,3.837,2024
2024-07-01,3.84216666666667,3.84583333333333,3.834,3.851,2024
2024-07-02,3.82433333333333,3.8275,3.826,3.833,2024
2024-07-03,3.79733333333333,3.79966666666667,3.793,3.802,2024
2024-07-04,3.792,3.79483333333333,3.788,3.802,2024
2024-07-05,3.7925,3.79466666666667,3.788,3.797,2024
2024-07-08,3.7875,3.79,3.782,3.797,2024
2024-07-09,3.78183333333333,3.78383333333333,3.781,3.789,2024
2024-07-10,3.7785,3.78033333333333,3.774,3.785,2024
2024-07-11,3.76433333333333,3.76683333333333,3.766,3.771,2024
2024-07-12,3.7255,3.73233333333333,3.729,3.74,2024
2024-07-15,3.7235,3.72816666666667,3.719,3.733,2024
2024-07-16,3.71433333333333,3.71633333333333,3.714,3.725,2024
2024-07-17,3.7195,3.7215,3.715,3.723,2024
2024-07-18,3.73366666666667,3.7365,3.728,3.735,2024
2024-07-19,3.743,3.74516666666667,3.736,3.743,2024
2024-07-22,3.75216666666667,3.75516666666667,3.749,3.758,2024
2024-07-23,n.d.,n.d.,n.d.,n.d.,2024
2024-07-24,3.77383333333333,3.7755,3.769,3.778,2024
2024-07-25,3.75116666666667,3.76083333333333,3.757,3.764,2024
2024-07-26,n.d.,n.d.,n.d.,n.d.,2024
2024-07-29,n.d.,n.d.,n.d.,n.d.,2024
2024-07-30,3.73066666666667,3.73483333333333,3.726,3.742,2024
2024-07-31,3.71566666666667,3.7195,3.712,3.722,2024
2024-08-01,3.73566666666667,3.738,3.733,3.741,2024
2024-08-02,3.7405,3.74316666666667,3.74,3.748,2024
2024-08-05,3.743,3.74583333333333,3.744,3.754,2024
2024-08-06,n.d.,n.d.,n.d.,n.d.,2024
2024-08-07,3.73133333333333,3.73416666666667,3.729,3.74,2024
2024-08-08,3.72716666666667,3.7295,3.726,3.732,2024
2024-08-09,3.72833333333333,3.73066666666667,3.725,3.731,2024
2024-08-12,3.7425,3.74433333333333,3.739,3.747,2024
2024-08-13,3.74583333333333,3.74766666666667,3.746,3.75,2024
2024-08-14,3.7365,3.73816666666667,3.737,3.744,2024
2024-08-15,3.73466666666667,3.73716666666667,3.731,3.737,2024
2024-08-16,3.74016666666667,3.7425,3.738,3.748,2024
2024-08-19,3.73333333333333,3.73483333333333,3.726,3.74,2024
2024-08-20,3.74416666666667,3.7465,3.739,3.747,2024
2024-08-21,3.74233333333333,3.74433333333333,3.737,3.744,2024
2024-08-22,3.757,3.759,3.754,3.76,2024
2024-08-23,3.74333333333333,3.746,3.739,3.748,2024
